publication_external_id,publication_title,project,rag_score,rag_total,rag_percentage,general_score,general_total,general_percentage,combined_percentage,merge2
00LAGp5OuigT,RAG-powered-assistant,https://github.com/AishwaryaChandel27/RAG-powered-assistant,9,16,0.5625,23,31,0.7419,1.3044,both
1EyrHhLul5KU,Local-RAG: A Question-Answering Assistant with Ollama and LangChain,https://github.com/gourishankar27/local_RAG_agent_system,14,16,0.875,27,31,0.871,1.746,both
1YrOrfkDQ3bN,BUILDING A RAG SYSTEM WITH OPEN-SOURCE,https://github.com/AhmadTigress/Rag_System,11,16,0.6875,20,31,0.6452,1.3327,both
1tzOpsOtVNkC,E-commerce FAQ Assistant using RAG,https://github.com/swathiradhakrishnan06/Ecommerce-Q-A-Assistant-using-RAG,10,16,0.625,14,31,0.4516,1.0766,both
3ckLnaDhLwiY,Ready Tensor Publication Explorer: A RAG-based research assistant,https://github.com/Abeer2107/Ready-Tensor-Publication-Explorer,13,16,0.8125,10,31,0.3226,1.1351,both
4fBZ6PYkO2mZ,"Heritage - an AI query system for The Nigerian Peoples, their Pre-historic Arts, & Cultures.",https://github.com/Blaqadonis/heritageai,12,16,0.75,26,31,0.8387,1.5887,both
4fiaz4cCKoI0,AAIDC RAG,https://github.com/simsimi2143/Rag-nvidia-nim,10,16,0.625,15,31,0.4839,1.1089,both
4hY5oGBmvCz6,Psych RAG,https://github.com/This-is-just-a-test-ben/rag_psych_helper,4,16,0.25,3,31,0.0968,0.3468,both
4wqYEiwbmMF9,A RAG system for smart educational assessment from student course materials,https://github.com/Tolulopeelijah/studybuddy-rag,14,16,0.875,12,31,0.3871,1.2621,both
52Zo0G7WuWGZ,AAIDC2025- Project 1- RAG AI Assistant ,,1,16,0.0625,-8,31,-0.2581,-0.1956,both
52lhbZXXHk9f,Local RAG Assistant for Ready Tensor Publications,https://github.com/hakangulcu/ready-tensor-rag-assistant,8,16,0.5,19,31,0.6129,1.1129,both
555qYxNAI5Lv,RAG-based agent API,https://github.com/molero3111/rag-assistant-api,5,16,0.3125,6,31,0.1935,0.506,both
7nDcd8TkL4bj,RAG System for Abortion Awareness Education,https://github.com/ezedinff/AAIDC,11,16,0.6875,14,31,0.4516,1.1391,both
8T4zjTgKfHzm,AI-Powered Assistant for Exploring Financial Consumer Complaints,https://github.com/Fatimat01/consumer-complaint-chatbot,11,16,0.6875,23,31,0.7419,1.4294,both
8t2SMEsGZctP,RAG Assistant - AAIDC,https://github.com/kartavya4874/RAG-Assistant---AAIDC,15,16,0.9375,20,31,0.6452,1.5827,both
90Gdnmy5EuOR,RAG-Based Financial Research Assistant,https://github.com/sahil095/RAG-based-financial-research-assistant,10,16,0.625,11,31,0.3548,0.9798,both
967PpYl1ONyD,Traffic Rules Assistant,https://github.com/madhans476/traffic_rules_assistant/,13,16,0.8125,17,31,0.5484,1.3609,both
9VFqBbmNw65U,RAG Assistant for IGBO Cultural Information and Proverbs,https://github.com/Dprof-in-tech/igbo_culture_RAG.py,12,16,0.75,22,31,0.7097,1.4597,both
A4c7i0iQhjCl,Agent 47: Precise recent data retrieval,https://github.com/polymathLTE/agentic-ai,12,16,0.75,17,31,0.5484,1.2984,both
ANhHUbARKoZL,AskTheDocs: a Local‑First RAG Chatbot for Technical Documentation,https://github.com/rishi255/askthedocs,12,16,0.75,28,31,0.9032,1.6532,both
Aew5eWU5GhFy,Streamlit AI Guide: AI-Powered Streamlit Documentation Tutor,https://github.com/archanags001/streamlit-ai-guide,12,16,0.75,20,31,0.6452,1.3952,both
Az72dkvWhXdL,Research Assistant RAG,https://github.com/Moniica990/Research_assistant_RAG_AI,1,16,0.0625,4,31,0.129,0.1915,both
B6ZkgH7d9ekX,Docling Q&A,https://github.com/mukundan1/docqa,11,16,0.6875,21,31,0.6774,1.3649,both
DUiPV8B0Swzl,Ragssistant: RAG-Powered-AI-Assistant,https://github.com/HiIAmTzeKean/RAG-Powered-AI-Assistant,9,16,0.5625,16,31,0.5161,1.0786,both
EIBBy4jo6Kk1,A Wikipedia-based RAG System with Fact Verification and Conversation Management,https://github.com/daishir0/rag-document-assistant/,14,16,0.875,19,31,0.6129,1.4879,both
Ea5WUg3GE1o4,Carrer Path Guidance AI Assistant in Data Science,https://github.com/nikita-sharma-tech/Career-Path-Guidance-AI-Assistant-for-Data-Science,10,16,0.625,17,31,0.5484,1.1734,both
FUN8ODzJbGxU,Agentic AI Developer Certification Project 1 - RAG Based Chatbot using LangChain,https://github.com/aryanmahawar205/conversational-rag-chatbot,11,16,0.6875,16,31,0.5161,1.2036,both
H2rbE1JDof4y,"Stop Searching, Start Asking: LangGraph Documentation at Your Fingertips 🤖🚀",https://github.com/MAQuesada/langgraph_documentation_RAG,14,16,0.875,23,31,0.7419,1.6169,both
HWb7EKooLzJS,OptiBotSync – Ideal for productivity or multi-tool integration,,0,16,0.0,-1,31,-0.0323,-0.0323,both
Hhc2gcrb6Htp,Knowledge Bot - A Q&A RAG bot,https://github.com/mgoltzsche/knowledgebot,14,16,0.875,25,31,0.8065,1.6815,both
HlGzst8AOo6s,PaperPulse: Your RAG-based Research Assistant,https://github.com/sri1991/paperpulse,6,16,0.375,16,31,0.5161,0.8911,both
HnFeAayhC99X,AAIDC2025 Module1 Project - Notebook-RAG,https://github.com/Eng-Elias/notebook_rag,6,16,0.375,23,31,0.7419,1.1169,both
ICfIfIRJ7hYj,Gemini RAG Assistant: Intelligent Document Q&A System,https://github.com/KesavGopan10/Module-1-Project,13,16,0.8125,24,31,0.7742,1.5867,both
KwKSDEOcAXrX,RAG (Retrieval Augmented Generation) Chatbot,https://github.com/MANU-de/RAG-CHATBOT,12,16,0.75,10,31,0.3226,1.0726,both
LstceSnb3IDH,Research Assistant,https://github.com/daniau23/research_assistant,10,16,0.625,19,31,0.6129,1.2379,both
O0NZPilG88oo,RAG-powered-assistant,https://github.com/AishwaryaChandel27/RAG-powered-assistant,1,16,0.0625,-6,31,-0.1935,-0.131,both
OiF4ZW9X2jeo,🤖 Basic RAG System with ChromaDB and Groq,https://github.com/vanip3/rag-groq-app-,4,16,0.25,10,31,0.3226,0.5726,both
PMe6opu9HA3u,Interview Status Chatbot: A RAG-Powered HR Assistant for Job Application Tracking,https://github.com/abdullah-k18/interview-status-chatbot,13,16,0.8125,21,31,0.6774,1.4899,both
RlZIfkqK8e4u,RAG Assistant for Custom Knowledge Base,https://github.com/AmmarAhmedl200961/simple-rag,9,16,0.5625,7,31,0.2258,0.7883,both
SL2d7v43ml6X,testing test,,0,16,0.0,-8,31,-0.2581,-0.2581,both
Srxfh03hVX9C, RAG-based AI assistant for scientific paper summarization and suggestion,https://github.com/Zeeshier/Retrieval_Augmented_Generation,11,16,0.6875,8,31,0.2581,0.9456,both
TwnmLnyzHBmm,BiochemRAG: A Retrieval-Augmented Generation System for Domain-Specific Biochemistry Topic,https://github.com/Popsonn/ready_tensor-rag_project_wk1,11,16,0.6875,18,31,0.5806,1.2681,both
WQqk306r08hW,"RAG-Based AI Publication/Documents Agent using LangChain, ChromaDB, GROQ",https://github.com/iyinusa/rag-ai-assistant,14,16,0.875,19,31,0.6129,1.4879,both
XKgpjOObSLfF,Module 1 RAG Project ,https://github.com/Akhilpm156/Chat_Bot_RAG_Project_V2,8,16,0.5,4,31,0.129,0.629,both
XTZxtVu1fotd,Slack Bot Development with BigQuery Vector Search,https://github.com/ymd65536/slack_bigquery_vector/,1,16,0.0625,7,31,0.2258,0.2883,both
YPaSuFfjSL2v,SustainaRAG: A Retrieval-Augmented Assistant for CSR & ESG Strategy Design,https://github.com/kostas696/sustainarag,12,16,0.75,26,31,0.8387,1.5887,both
a5JYVWRZcIL3,The Librarian: Domain-Specialized RAG Architecture for Literary Analysis,https://github.com/poacosta/the-librarian,10,16,0.625,19,31,0.6129,1.2379,both
bY0Hasn6cBKO,MusafirAI: RAG-PoweredTravel Itinerary Generator,https://github.com/zshafique25/RAG_Assisstant,13,16,0.8125,26,31,0.8387,1.6512,both
f7jkvoxhGkWT,KnowBot: An Interactive RAG Chatbot for Academic Document Exploration,https://github.com/stephanie0324/KnowBot,12,16,0.75,27,31,0.871,1.621,both
fEZHv6d4lqmx,RT-RAG Assistant: A Modular Retrieval-Augmented Generation Framework for Document Querying,https://github.com/JbellMD/RT-RAG,8,16,0.5,20,31,0.6452,1.1452,both
h5ezVP2PhTun,RAG based Chatbot Specializing in U.S. History,https://github.com/NewGenesis04/Ready-Tensor-AI-Engineering,12,16,0.75,21,31,0.6774,1.4274,both
hDpOInariYSZ,PDF Chat Assistant using Agentic RAG,https://github.com/dishangrgbhd/PDF-Chat-Assistant,4,16,0.25,5,31,0.1613,0.4113,both
hJ4aTArbK8XV,AAIDC2025: Project 1- RAG AI Assistant,https://github.com/diyasrawat/FinReg-AI-Advanced-Financial-Regulatory-Chatbot,6,16,0.375,0,31,0.0,0.375,both
iSUvjnognEEL,Agentic AI Developer Certification Project: A RAG-based AI assistant for Tensor Publication Explorer,https://github.com/Joshua-Abok/rag_apk,9,16,0.5625,20,31,0.6452,1.2077,both
kRxLwW6vxsDn,"RAG Assistant using FAISS, Langchain and Gradio",https://github.com/Say2hub/RAG-Assistant,9,16,0.5625,12,31,0.3871,0.9496,both
l31Tqp5nU423,AsktheScholar - Multimodal RAG to Chat with Research Papers,https://github.com/aminajavaid30/ask_the_scholar,12,16,0.75,19,31,0.6129,1.3629,both
lLRMZ6kjsB8O,modular-rag-assistant,https://github.com/caliskate/modular-rag-assistant/,2,16,0.125,0,31,0.0,0.125,both
m4Ger4j7PxpG,Module 1 RAG Assistant App,https://github.com/balajik-g/RAG_Assistant_M_1.0,6,16,0.375,3,31,0.0968,0.4718,both
m7GVzxm05ZEj,RAG Assistant App,https://github.com/kuxall/agentic-ai,13,16,0.8125,11,31,0.3548,1.1673,both
nS6fajvZ0wuB,RAG Based Research Assistant,https://github.com/ajayjai30/READY_TENSOR_WEEK-1_ASSIGNMENT,11,16,0.6875,12,31,0.3871,1.0746,both
oARTT6bvyALY,Ragssistant - A RAG assistant for you,https://github.com/HiIAmTzeKean/RAG-Powered-AI-Assistant,0,16,0.0,-4,31,-0.129,-0.129,both
q20UHntkFq3r, How AI Agents Transform PDFs into Polished Articles,https://github.com/Chukwuebuka-2003/rag_agentarticle,6,16,0.375,12,31,0.3871,0.7621,both
sgi0REs2wi2J,Ready Tensor RAG Assistant,https://github.com/SGFIRE/ready-tensor-certification,13,16,0.8125,23,31,0.7419,1.5544,both
tFWaqm3NnqpZ,Q&A Chatbot for Historical Documents using RAG and Google Gemini,https://github.com/phanminhtai23/VietnamWarQA-RAG,15,16,0.9375,24,31,0.7742,1.7117,both
wpI38s0JViqj,"RAG Chat Assistant, using QWEN Chat local model via LangChain",https://github.com/AndreyGermanov/langchain_qwen_chat_cli,8,16,0.5,5,31,0.1613,0.6613,both
xCKVBAwZpJOL,RAG ASSISTANT PROJECT,https://github.com/Chizzy0428/RAG-Assistant-Project,8,16,0.5,18,31,0.5806,1.0806,both
yk9REEuNwN8E,Recipe Generator App(RAG-based Assistant),https://github.com/Murasajo/Recipe-Generator-App,6,16,0.375,22,31,0.7097,1.0847,both
ynz0tnpH0Vsa,Module 1 Project 1 submission: RAG based AI assistant,https://github.com/krys2fa/rt-rag-chatbot-assistant,11,16,0.6875,19,31,0.6129,1.3004,both
ywfeDHNiFx7n,Chatbot for Efficient Banking Customer Experience,https://github.com/Addisu-Taye/bank-customer-service-chatbot.git,11,16,0.6875,23,31,0.7419,1.4294,both
zWw6CocJH4jp,Canvas LMS Chatbot – Project 1: Foundations of Agentic AI,https://github.com/Myrahrs/Foundations-of-Agentic-AI,11,16,0.6875,18,31,0.5806,1.2681,both
